operation_id,fecha_score,proyecto,asesor_id,canal,riesgo_caida,prioridad,sla_horas,valor_esperado_en_riesgo,accion_recomendada,accion_tomada,fecha_accion,resultado_7d,resultado_30d,caida_real_30d,comentario_operativo
OP_0DF523E128,2026-07-05,Torre Nápoles,ASESOR_233077BA7F,sin_clasificar,0.673588,P1,24,17782.73,Contactar en 24h y confirmar siguiente hito de cierre.,pendiente,,pendiente,pendiente,,
OP_FC97E54B70,2026-07-05,Edificio Mariategui,ASESOR_9FCF63DC91,sin_clasificar,0.663772,P1,24,62557.15,Contactar en 24h y confirmar siguiente hito de cierre.,pendiente,,pendiente,pendiente,,
OP_36D3972FAB,2026-07-05,Torre Nápoles,ASESOR_233077BA7F,sin_clasificar,0.6484,P1,24,20327.34,Contactar en 24h y confirmar siguiente hito de cierre.,pendiente,,pendiente,pendiente,,
OP_E8DDFEA8D8,2026-07-05,Tizón y Bueno,ASESOR_7B5A7F5FB0,sin_clasificar,0.647325,P1,24,83516.62,Contactar en 24h y confirmar siguiente hito de cierre.,pendiente,,pendiente,pendiente,,
OP_5AEB7D7EDD,2026-07-05,Edificio Mariategui,ASESOR_950BED165C,sin_clasificar,0.634461,P1,24,60432.4,Contactar en 24h y confirmar siguiente hito de cierre.,pendiente,,pendiente,pendiente,,
OP_117AFDD23F,2026-07-05,Tizón y Bueno,ASESOR_7B5A7F5FB0,sin_clasificar,0.633747,P1,24,80980.05,Contactar en 24h y confirmar siguiente hito de cierre.,pendiente,,pendiente,pendiente,,
OP_DDB7EC200E,2026-07-05,Tizón y Bueno,ASESOR_C6B4E60323,sin_clasificar,0.632871,P1,24,50980.16,Contactar en 24h y confirmar siguiente hito de cierre.,pendiente,,pendiente,pendiente,,
OP_B68FE0C2B9,2026-07-05,Tizón y Bueno,ASESOR_950BED165C,sin_clasificar,0.632729,P1,24,63968.9,Contactar en 24h y confirmar siguiente hito de cierre.,pendiente,,pendiente,pendiente,,
OP_1507DC4B18,2026-07-05,Tradiciones Prime,ASESOR_9FCF63DC91,sin_clasificar,0.632289,P1,24,111842.97,Contactar en 24h y confirmar siguiente hito de cierre.,pendiente,,pendiente,pendiente,,
OP_0D8471BF1F,2026-07-05,Torre Nápoles,ASESOR_233077BA7F,sin_clasificar,0.631147,P1,24,20051.54,Contactar en 24h y confirmar siguiente hito de cierre.,pendiente,,pendiente,pendiente,,
OP_CBB58858C0,2026-07-05,Sialia,ASESOR_9FCF63DC91,sin_clasificar,0.630866,P1,24,57311.32,Contactar en 24h y confirmar siguiente hito de cierre.,pendiente,,pendiente,pendiente,,
OP_F0479D1991,2026-07-05,Modena,ASESOR_E5897908D5,sin_clasificar,0.629682,P1,24,24085.34,Contactar en 24h y confirmar siguiente hito de cierre.,pendiente,,pendiente,pendiente,,
OP_3BFCF51AF3,2026-07-05,Sialia,ASESOR_1265C8A465,sin_clasificar,0.628892,P1,24,74721.85,Contactar en 24h y confirmar siguiente hito de cierre.,pendiente,,pendiente,pendiente,,
OP_23E0210ACE,2026-07-05,Torre Nápoles,ASESOR_C6B4E60323,sin_clasificar,0.627211,P1,24,16525.92,Contactar en 24h y confirmar siguiente hito de cierre.,pendiente,,pendiente,pendiente,,
OP_FFB5E8B1BF,2026-07-05,Tradiciones Prime,ASESOR_9FCF63DC91,sin_clasificar,0.626983,P1,24,93577.18,Contactar en 24h y confirmar siguiente hito de cierre.,pendiente,,pendiente,pendiente,,
OP_2D6D8726D2,2026-07-05,Torre Nápoles,ASESOR_950BED165C,sin_clasificar,0.625434,P1,24,18763.03,Contactar en 24h y confirmar siguiente hito de cierre.,pendiente,,pendiente,pendiente,,
OP_85D626EEE5,2026-07-05,Torre Nápoles,ASESOR_950BED165C,sin_clasificar,0.625434,P1,24,18293.96,Contactar en 24h y confirmar siguiente hito de cierre.,pendiente,,pendiente,pendiente,,
OP_ECE239F814,2026-07-05,Tizón y Bueno,ASESOR_950BED165C,sin_clasificar,0.624462,P1,24,47998.04,Contactar en 24h y confirmar siguiente hito de cierre.,pendiente,,pendiente,pendiente,,
OP_17A2083F16,2026-07-05,Edificio Mariategui,ASESOR_9FCF63DC91,sin_clasificar,0.62442,P1,24,53594.52,Contactar en 24h y confirmar siguiente hito de cierre.,pendiente,,pendiente,pendiente,,
OP_AF5BD5B2DB,2026-07-05,Fenix,ASESOR_7B5A7F5FB0,sin_clasificar,0.624305,P1,24,67068.74,Contactar en 24h y confirmar siguiente hito de cierre.,pendiente,,pendiente,pendiente,,
OP_4A9C11399A,2026-07-05,Sialia,ASESOR_233077BA7F,sin_clasificar,0.622671,P1,24,22042.54,Contactar en 24h y confirmar siguiente hito de cierre.,pendiente,,pendiente,pendiente,,
OP_4B5069507B,2026-07-05,Fenix,ASESOR_E05C20E0FE,sin_clasificar,0.621939,P1,24,70630.45,Contactar en 24h y confirmar siguiente hito de cierre.,pendiente,,pendiente,pendiente,,
OP_55C17E6036,2026-07-05,Tizón y Bueno,ASESOR_9FCF63DC91,sin_clasificar,0.618214,P1,24,56972.73,Contactar en 24h y confirmar siguiente hito de cierre.,pendiente,,pendiente,pendiente,,
OP_BBB80946E0,2026-07-05,Edificio Mariategui,ASESOR_950BED165C,sin_clasificar,0.617538,P1,24,52737.83,Contactar en 24h y confirmar siguiente hito de cierre.,pendiente,,pendiente,pendiente,,
OP_8A5B405982,2026-07-05,Sialia,ASESOR_950BED165C,sin_clasificar,0.617486,P1,24,54435.52,Contactar en 24h y confirmar siguiente hito de cierre.,pendiente,,pendiente,pendiente,,
OP_A5B24DFB71,2026-07-05,Capadocia,ASESOR_E5897908D5,sin_clasificar,0.616564,P1,24,69363.5,Contactar en 24h y confirmar siguiente hito de cierre.,pendiente,,pendiente,pendiente,,
OP_09354A32FF,2026-07-05,Alicanto,ASESOR_950BED165C,sin_clasificar,0.615247,P1,24,56970.86,Contactar en 24h y confirmar siguiente hito de cierre.,pendiente,,pendiente,pendiente,,
OP_B9CA6C83C4,2026-07-05,Tradiciones Prime,ASESOR_950BED165C,sin_clasificar,0.615231,P1,24,75845.0,Contactar en 24h y confirmar siguiente hito de cierre.,pendiente,,pendiente,pendiente,,
OP_9ECA90CCDD,2026-07-05,Sialia,ASESOR_9FCF63DC91,sin_clasificar,0.615124,P1,24,22720.21,Contactar en 24h y confirmar siguiente hito de cierre.,pendiente,,pendiente,pendiente,,
OP_679136536C,2026-07-05,Tizón y Bueno,ASESOR_233077BA7F,sin_clasificar,0.614582,P1,24,55128.03,Contactar en 24h y confirmar siguiente hito de cierre.,pendiente,,pendiente,pendiente,,
OP_FB49869900,2026-07-05,Edificio Mariategui,ASESOR_1265C8A465,sin_clasificar,0.613096,P1,24,59155.19,Contactar en 24h y confirmar siguiente hito de cierre.,pendiente,,pendiente,pendiente,,
OP_FE6B6F5197,2026-07-05,Tizón y Bueno,ASESOR_E5897908D5,sin_clasificar,0.609551,P1,24,54139.93,Contactar en 24h y confirmar siguiente hito de cierre.,pendiente,,pendiente,pendiente,,
OP_87FFD2B963,2026-07-05,Capadocia,ASESOR_E5897908D5,sin_clasificar,0.609292,P1,24,78141.68,Contactar en 24h y confirmar siguiente hito de cierre.,pendiente,,pendiente,pendiente,,
OP_BCEFB0FE03,2026-07-05,Edificio Mariategui,ASESOR_1265C8A465,sin_clasificar,0.606134,P1,24,53184.77,Contactar en 24h y confirmar siguiente hito de cierre.,pendiente,,pendiente,pendiente,,
OP_C737755DF3,2026-07-05,Edificio Valdizan,ASESOR_7B5A7F5FB0,sin_clasificar,0.602727,P1,24,47455.73,Contactar en 24h y confirmar siguiente hito de cierre.,pendiente,,pendiente,pendiente,,
OP_6827351FF8,2026-07-05,Torre Nápoles,ASESOR_9FCF63DC91,sin_clasificar,0.599748,P1,24,21535.32,Contactar en 24h y confirmar siguiente hito de cierre.,pendiente,,pendiente,pendiente,,
OP_09E99E9638,2026-07-05,Torre Nápoles,ASESOR_9FCF63DC91,sin_clasificar,0.599748,P1,24,19783.43,Contactar en 24h y confirmar siguiente hito de cierre.,pendiente,,pendiente,pendiente,,
OP_FB774326D4,2026-07-05,Sialia,ASESOR_E5897908D5,sin_clasificar,0.598869,P1,24,22008.44,Contactar en 24h y confirmar siguiente hito de cierre.,pendiente,,pendiente,pendiente,,
OP_8FC2612D8D,2026-07-05,Sialia,ASESOR_950BED165C,sin_clasificar,0.597807,P1,24,23447.19,Contactar en 24h y confirmar siguiente hito de cierre.,pendiente,,pendiente,pendiente,,
OP_AE51023B0C,2026-07-05,Alicanto,ASESOR_233077BA7F,sin_clasificar,0.596297,P1,24,47960.18,Contactar en 24h y confirmar siguiente hito de cierre.,pendiente,,pendiente,pendiente,,
OP_3ECF71FAC4,2026-07-05,Tizón y Bueno,ASESOR_C6B4E60323,sin_clasificar,0.596205,P1,24,48203.17,Contactar en 24h y confirmar siguiente hito de cierre.,pendiente,,pendiente,pendiente,,
OP_1EB3A6F13A,2026-07-05,Tizón y Bueno,ASESOR_1265C8A465,sin_clasificar,0.592285,P1,24,45567.02,Contactar en 24h y confirmar siguiente hito de cierre.,pendiente,,pendiente,pendiente,,
OP_709AB61855,2026-07-05,Modena,ASESOR_E5897908D5,sin_clasificar,0.591933,P1,24,22197.48,Contactar en 24h y confirmar siguiente hito de cierre.,pendiente,,pendiente,pendiente,,
OP_C758B19EEC,2026-07-05,Edificio Valdizan,ASESOR_1265C8A465,sin_clasificar,0.589331,P1,24,54122.65,Contactar en 24h y confirmar siguiente hito de cierre.,pendiente,,pendiente,pendiente,,
OP_5AA8050BB5,2026-07-05,Torre Nápoles,ASESOR_E5897908D5,sin_clasificar,0.588824,P1,24,19872.82,Contactar en 24h y confirmar siguiente hito de cierre.,pendiente,,pendiente,pendiente,,
OP_8A2CA303BF,2026-07-05,Sialia,ASESOR_7B5A7F5FB0,sin_clasificar,0.588774,P1,24,44806.02,Contactar en 24h y confirmar siguiente hito de cierre.,pendiente,,pendiente,pendiente,,
OP_C05595CD26,2026-07-05,Edificio Valdizan,ASESOR_7B5A7F5FB0,sin_clasificar,0.588358,P1,24,44126.81,Contactar en 24h y confirmar siguiente hito de cierre.,pendiente,,pendiente,pendiente,,
OP_9E2ECB1AC5,2026-07-05,Alicanto,ASESOR_7B5A7F5FB0,sin_clasificar,0.588203,P1,24,45210.63,Contactar en 24h y confirmar siguiente hito de cierre.,pendiente,,pendiente,pendiente,,
OP_F5A9EB3521,2026-07-05,Torre Nápoles,ASESOR_E5897908D5,sin_clasificar,0.587668,P1,24,16572.23,Contactar en 24h y confirmar siguiente hito de cierre.,pendiente,,pendiente,pendiente,,
OP_3F8D96FFBF,2026-07-05,Sialia,ASESOR_7B5A7F5FB0,sin_clasificar,0.587456,P1,24,23424.01,Contactar en 24h y confirmar siguiente hito de cierre.,pendiente,,pendiente,pendiente,,
OP_AC1930B795,2026-07-05,Sialia,ASESOR_950BED165C,sin_clasificar,0.587446,P1,24,21123.38,Contactar en 24h y confirmar siguiente hito de cierre.,pendiente,,pendiente,pendiente,,
OP_76D2A9D606,2026-07-05,Edificio Mariategui,ASESOR_7B5A7F5FB0,sin_clasificar,0.587383,P1,24,54363.92,Contactar en 24h y confirmar siguiente hito de cierre.,pendiente,,pendiente,pendiente,,
OP_FC8EC50993,2026-07-05,Torre Nápoles,ASESOR_C6B4E60323,sin_clasificar,0.586452,P1,24,20785.05,Contactar en 24h y confirmar siguiente hito de cierre.,pendiente,,pendiente,pendiente,,
OP_4D054A6F1F,2026-07-05,Tizón y Bueno,ASESOR_F59A4378D8,sin_clasificar,0.584755,P1,24,48740.99,Contactar en 24h y confirmar siguiente hito de cierre.,pendiente,,pendiente,pendiente,,
OP_B60346AD96,2026-07-05,Fenix,ASESOR_7B5A7F5FB0,sin_clasificar,0.58468,P1,24,47905.56,Contactar en 24h y confirmar siguiente hito de cierre.,pendiente,,pendiente,pendiente,,
OP_14688E949B,2026-07-05,Torre Nápoles,ASESOR_F59A4378D8,sin_clasificar,0.584224,P1,24,17964.87,Contactar en 24h y confirmar siguiente hito de cierre.,pendiente,,pendiente,pendiente,,
OP_C258C88379,2026-07-05,Alicanto,ASESOR_9FCF63DC91,sin_clasificar,0.583324,P1,24,22308.68,Contactar en 24h y confirmar siguiente hito de cierre.,pendiente,,pendiente,pendiente,,
OP_A9977185F0,2026-07-05,Torre Nápoles,ASESOR_DA48A4F817,sin_clasificar,0.582543,P1,24,17781.04,Contactar en 24h y confirmar siguiente hito de cierre.,pendiente,,pendiente,pendiente,,
OP_C889EAA3D7,2026-07-05,Edificio Valdizan,ASESOR_1265C8A465,sin_clasificar,0.582534,P1,24,50116.88,Contactar en 24h y confirmar siguiente hito de cierre.,pendiente,,pendiente,pendiente,,
OP_1EB8C654B0,2026-07-05,Capadocia,ASESOR_C6B4E60323,sin_clasificar,0.580165,P1,24,57488.5,Contactar en 24h y confirmar siguiente hito de cierre.,pendiente,,pendiente,pendiente,,
OP_C0FDDD0D09,2026-07-05,Fenix,ASESOR_7B5A7F5FB0,sin_clasificar,0.579692,P1,24,54341.07,Contactar en 24h y confirmar siguiente hito de cierre.,pendiente,,pendiente,pendiente,,
OP_1B6E4BF153,2026-07-05,Fenix,ASESOR_950BED165C,sin_clasificar,0.579213,P1,24,46047.44,Contactar en 24h y confirmar siguiente hito de cierre.,pendiente,,pendiente,pendiente,,
OP_564BEC7E7D,2026-07-05,Torre Nápoles,ASESOR_DA48A4F817,sin_clasificar,0.579039,P1,24,22164.89,Contactar en 24h y confirmar siguiente hito de cierre.,pendiente,,pendiente,pendiente,,
OP_F7CFE0334C,2026-07-05,Modena,ASESOR_233077BA7F,sin_clasificar,0.57712,P1,24,55516.02,Contactar en 24h y confirmar siguiente hito de cierre.,pendiente,,pendiente,pendiente,,
OP_0CFE894900,2026-07-05,Torre Nápoles,ASESOR_233077BA7F,sin_clasificar,0.576425,P1,24,24953.72,Contactar en 24h y confirmar siguiente hito de cierre.,pendiente,,pendiente,pendiente,,
OP_92E3DE0EB6,2026-07-05,Torre Nápoles,ASESOR_7B5A7F5FB0,sin_clasificar,0.576008,P1,24,19872.29,Contactar en 24h y confirmar siguiente hito de cierre.,pendiente,,pendiente,pendiente,,
OP_CBE53D06E6,2026-07-05,Alicanto,ASESOR_E5897908D5,sin_clasificar,0.575545,P1,24,43942.87,Contactar en 24h y confirmar siguiente hito de cierre.,pendiente,,pendiente,pendiente,,
OP_7470459E1D,2026-07-05,Alicanto,ASESOR_950BED165C,sin_clasificar,0.574343,P1,24,21489.9,Contactar en 24h y confirmar siguiente hito de cierre.,pendiente,,pendiente,pendiente,,
OP_2E2096824F,2026-07-05,Torre Nápoles,ASESOR_7B5A7F5FB0,sin_clasificar,0.57403,P1,24,19669.36,Contactar en 24h y confirmar siguiente hito de cierre.,pendiente,,pendiente,pendiente,,
OP_21DB6B88EA,2026-07-05,Edificio Mariategui,ASESOR_1265C8A465,sin_clasificar,0.572706,P1,24,50157.85,Contactar en 24h y confirmar siguiente hito de cierre.,pendiente,,pendiente,pendiente,,
OP_B453623583,2026-07-05,Alicanto,ASESOR_7B5A7F5FB0,sin_clasificar,0.571085,P1,24,48085.62,Contactar en 24h y confirmar siguiente hito de cierre.,pendiente,,pendiente,pendiente,,
OP_01B558E5E9,2026-07-05,Edificio Urbanzen,ASESOR_950BED165C,sin_clasificar,0.571034,P1,24,59958.58,Contactar en 24h y confirmar siguiente hito de cierre.,pendiente,,pendiente,pendiente,,
OP_B2B32E0AE3,2026-07-05,Modena,ASESOR_9FCF63DC91,sin_clasificar,0.570184,P1,24,49948.84,Contactar en 24h y confirmar siguiente hito de cierre.,pendiente,,pendiente,pendiente,,
OP_032FA878F6,2026-07-05,Alicanto,ASESOR_E5897908D5,sin_clasificar,0.564971,P1,24,44358.07,Contactar en 24h y confirmar siguiente hito de cierre.,pendiente,,pendiente,pendiente,,
OP_EF2CCA85D4,2026-07-05,Tizón y Bueno,ASESOR_E5897908D5,sin_clasificar,0.564583,P1,24,38109.33,Contactar en 24h y confirmar siguiente hito de cierre.,pendiente,,pendiente,pendiente,,
OP_FE727ACC29,2026-07-05,Torre Nápoles,ASESOR_DA48A4F817,sin_clasificar,0.563962,P1,24,19119.37,Contactar en 24h y confirmar siguiente hito de cierre.,pendiente,,pendiente,pendiente,,
OP_E58CCEBB9C,2026-07-05,Edificio Mariategui,ASESOR_1265C8A465,sin_clasificar,0.563334,P1,24,51401.38,Contactar en 24h y confirmar siguiente hito de cierre.,pendiente,,pendiente,pendiente,,
OP_B22BFAB2D3,2026-07-05,Capadocia,ASESOR_233077BA7F,sin_clasificar,0.561924,P1,24,52196.71,Contactar en 24h y confirmar siguiente hito de cierre.,pendiente,,pendiente,pendiente,,
OP_884FD4A870,2026-07-05,Modena,ASESOR_7B5A7F5FB0,sin_clasificar,0.561108,P1,24,45709.28,Contactar en 24h y confirmar siguiente hito de cierre.,pendiente,,pendiente,pendiente,,
OP_F1E04B5623,2026-07-05,Alicanto,ASESOR_E5897908D5,sin_clasificar,0.561072,P1,24,24406.62,Contactar en 24h y confirmar siguiente hito de cierre.,pendiente,,pendiente,pendiente,,
